Record Id,Unit No.,Bedrooms,Status,Unit Suite/  Internal Size (sq.ft),Balcony Size (sq.ft),Net Unit Size (sq.ft),Rate AED/ Sq.Ft,Selling price,Pre Launch Price,Floor Plan URL,Unit Inventory Owner.id,Unit Inventory Owner
zcrm_6686831000013407085,201,1 BR,Available,638.08,196.87,834.96,1550,1423606.8,1294188,https://workdrive.zohoexternal.com/external/4e6bd58d14499b96847d927247944a54111542b430d9da1f1b556d088b9c64f4/download?directDownload=true,zcrm_6686831000000503001,Zoho Admin
zcrm_6686831000013407086,202,1 BR,Available,633.24,194.07,827.31,1550,1410563.55,1282330.5,https://workdrive.zohoexternal.com/external/4e6bd58d14499b96847d927247944a54111542b430d9da1f1b556d088b9c64f4/download?directDownload=true,zcrm_6686831000000503001,Zoho Admin
zcrm_6686831000013407087,203,STUDIO,Sold,313,97,410,2000,911156,820040,https://workdrive.zohoexternal.com/external/b08bdd762fc0b702c5440424d1cd22b1ae51b65a39a97c4f201af1f1794ad29b/download?directDownload=true,zcrm_6686831000000503001,Zoho Admin
zcrm_6686831000013407088,204,1 BR,Blocked,625.38,193.86,819.24,1550,1396804.2,1269822,https://workdrive.zohoexternal.com/external/0f3266281bc52fb1ca6f7c5c97286f856e3680d69535a86ffcdaa300d2e0dd48/download?directDownload=true,zcrm_6686831000000503001,Zoho Admin
zcrm_6686831000013407089,205,2 BR,Available,1009.44,622.91,1632.35,1475,2648487.88,2407716.25,https://workdrive.zohoexternal.com/external/a001865668f6dc311f6468983f65b634051b9236cbe1a131e96482b4b6ed3a64/download?directDownload=true,zcrm_6686831000000503001,Zoho Admin
zcrm_6686831000013407090,206,2 BR,Available,868.22,700.19,1568.41,1300,2242826.3,2038933,https://workdrive.zohoexternal.com/external/60084b3c632b959428194ef9ceb50329ca016f57d9fa02d85e3cb7209bc266a3/download?directDownload=true,zcrm_6686831000000503001,Zoho Admin
zcrm_6686831000013407091,207,STUDIO,Available,311.72,173.94,485.67,1580,844094.46,767358.6,https://workdrive.zohoexternal.com/external/6f93056aed83cfe12a70c82b4460081399ff8f4219e980382a40a1d86a3a204c/download?directDownload=true,zcrm_6686831000000503001,Zoho Admin
zcrm_6686831000013407092,208,STUDIO,Available,311.62,174.05,485.67,1580,844094.46,767358.6,https://workdrive.zohoexternal.com/external/6f93056aed83cfe12a70c82b4460081399ff8f4219e980382a40a1d86a3a204c/download?directDownload=true,zcrm_6686831000000503001,Zoho Admin
zcrm_6686831000013407093,209,STUDIO,Blocked,311.62,97.09,408.7,1750,786747.5,715225,https://workdrive.zohoexternal.com/external/b08bdd762fc0b702c5440424d1cd22b1ae51b65a39a97c4f201af1f1794ad29b/download?directDownload=true,zcrm_6686831000000503001,Zoho Admin
zcrm_6686831000013407094,210,STUDIO,Sold,313,97,410,1750,797261,717535,https://workdrive.zohoexternal.com/external/9355c0ddb6e56bef0040d4fe2bd305fe6c8d6327ed0a4962139a12f236deb939/download?directDownload=true,zcrm_6686831000000503001,Zoho Admin
zcrm_6686831000013407095,211,1 BR,Blocked,634.1,194.07,828.18,1325,1207072.35,1097338.5,https://workdrive.zohoexternal.com/external/4e6bd58d14499b96847d927247944a54111542b430d9da1f1b556d088b9c64f4/download?directDownload=true,zcrm_6686831000000503001,Zoho Admin
zcrm_6686831000013407096,212,2 BR,Available,849.92,417.21,1267.13,1325,1846841.98,1678947.25,https://workdrive.zohoexternal.com/external/71e6409476c945a06972198a88a2a09f3f5d967883249b00dcec6b7e06798935/download?directDownload=true,zcrm_6686831000000503001,Zoho Admin
zcrm_6686831000013407097,213,1 BR,Sold,633,155,788,1325,1160538,1044484,https://workdrive.zohoexternal.com/external/3045aca464a9765060aa8f88eba998866afce38099ecdab8b88ba86ad64a9a95/download?directDownload=true,zcrm_6686831000000503001,Zoho Admin
zcrm_6686831000013407098,214,1 BR,Available,630.33,194.83,825.16,1325,1202670.7,1093337,https://workdrive.zohoexternal.com/external/0e08cb3d1543503dcaab939480e89f86d7397f59c4dfaf639ca096acd45b7e98/download?directDownload=true,zcrm_6686831000000503001,Zoho Admin
zcrm_6686831000013407099,215,1 BR,Available,633.46,193.86,827.31,1325,1205804.33,1096185.75,https://workdrive.zohoexternal.com/external/4e6bd58d14499b96847d927247944a54111542b430d9da1f1b556d088b9c64f4/download?directDownload=true,zcrm_6686831000000503001,Zoho Admin
zcrm_6686831000013407100,216,1 BR,Blocked,626.57,193.32,819.89,1325,1194989.68,1086354.25,https://workdrive.zohoexternal.com/external/0f3266281bc52fb1ca6f7c5c97286f856e3680d69535a86ffcdaa300d2e0dd48/download?directDownload=true,zcrm_6686831000000503001,Zoho Admin
zcrm_6686831000013407101,217,2 BR,Available,1010.19,619.57,1629.76,1200,2151283.2,1955712,https://workdrive.zohoexternal.com/external/a001865668f6dc311f6468983f65b634051b9236cbe1a131e96482b4b6ed3a64/download?directDownload=true,zcrm_6686831000000503001,Zoho Admin
zcrm_6686831000013407102,218,2 BR,Available,867.46,703.85,1571.32,1475,2549466.7,2317697,https://workdrive.zohoexternal.com/external/60084b3c632b959428194ef9ceb50329ca016f57d9fa02d85e3cb7209bc266a3/download?directDownload=true,zcrm_6686831000000503001,Zoho Admin
zcrm_6686831000013407103,219,1 BR,Available,636.36,196.76,833.13,1500,1374664.5,1249695,https://workdrive.zohoexternal.com/external/4e6bd58d14499b96847d927247944a54111542b430d9da1f1b556d088b9c64f4/download?directDownload=true,zcrm_6686831000000503001,Zoho Admin
zcrm_6686831000013407104,301,1 BR,Hold,638.08,196.66,834.74,1558,1430577.41,1300524.92,https://workdrive.zohoexternal.com/external/4e6bd58d14499b96847d927247944a54111542b430d9da1f1b556d088b9c64f4/download?directDownload=true,zcrm_6686831000000503001,Zoho Admin
zcrm_6686831000013407105,302,1 BR,Hold,633.35,193.97,827.31,1558,1417843.88,1288948.98,https://workdrive.zohoexternal.com/external/4e6bd58d14499b96847d927247944a54111542b430d9da1f1b556d088b9c64f4/download?directDownload=true,zcrm_6686831000000503001,Zoho Admin
zcrm_6686831000013407106,303,STUDIO,Sold,313,97,410,2008,914800,823320,https://workdrive.zohoexternal.com/external/100ad34fe5e6c80ffd5f9f0de1887b841d29b32cd20001a99ae5f45e79403187/download?directDownload=true,zcrm_6686831000000503001,Zoho Admin
zcrm_6686831000013407107,304,1 BR,Blocked,625.06,194.07,819.13,1558,1403824.99,1276204.54,https://workdrive.zohoexternal.com/external/0f3266281bc52fb1ca6f7c5c97286f856e3680d69535a86ffcdaa300d2e0dd48/download?directDownload=true,zcrm_6686831000000503001,Zoho Admin
zcrm_6686831000013407108,305,2 BR,Hold,1007.18,326.79,1333.97,1533,2249473.61,2044976.01,https://workdrive.zohoexternal.com/external/b88642a2e89e3effd1d24279e70ee57992b8dd56964de2d5a702fc20aef21b9b/download?directDownload=true,zcrm_6686831000000503001,Zoho Admin
zcrm_6686831000013407109,306,2 BR,Available,868.32,286.86,1155.18,1333,1693840.43,1539854.94,https://workdrive.zohoexternal.com/external/00e11841cdd9279325dde66e1683f3d058d89d6f7d6f8b3046f855d6256f1729/download?directDownload=true,zcrm_6686831000000503001,Zoho Admin
zcrm_6686831000013407110,307,STUDIO,Hold,311.72,173.94,485.67,1588,848368.36,771243.96,https://workdrive.zohoexternal.com/external/6f93056aed83cfe12a70c82b4460081399ff8f4219e980382a40a1d86a3a204c/download?directDownload=true,zcrm_6686831000000503001,Zoho Admin
zcrm_6686831000013407111,308,STUDIO,Hold,311.62,173.94,485.56,1588,848176.21,771069.28,https://workdrive.zohoexternal.com/external/6f93056aed83cfe12a70c82b4460081399ff8f4219e980382a40a1d86a3a204c/download?directDownload=true,zcrm_6686831000000503001,Zoho Admin
zcrm_6686831000013407112,309,STUDIO,Blocked,311.62,97.09,408.71,1758,790363.4,718512.18,https://workdrive.zohoexternal.com/external/b08bdd762fc0b702c5440424d1cd22b1ae51b65a39a97c4f201af1f1794ad29b/download?directDownload=true,zcrm_6686831000000503001,Zoho Admin
zcrm_6686831000013407113,310,STUDIO,Blocked,311.62,97.09,408.71,1758,790363.4,718512.18,https://workdrive.zohoexternal.com/external/b08bdd762fc0b702c5440424d1cd22b1ae51b65a39a97c4f201af1f1794ad29b/download?directDownload=true,zcrm_6686831000000503001,Zoho Admin
zcrm_6686831000013407114,311,1 BR,Hold,634.1,194.07,828.18,1333,1214360.33,1103963.94,https://workdrive.zohoexternal.com/external/4e6bd58d14499b96847d927247944a54111542b430d9da1f1b556d088b9c64f4/download?directDownload=true,zcrm_6686831000000503001,Zoho Admin
zcrm_6686831000013407115,312,1 BR,Blocked,622.8,179.22,802.02,1333,1176001.93,1069092.66,https://workdrive.zohoexternal.com/external/44f015e69ab511f208c3845d953ae02fe01ea48ccb05cf4f80e30a6f5cd21cab/download?directDownload=true,zcrm_6686831000000503001,Zoho Admin
zcrm_6686831000013407116,313,2 BR,Available,909.98,725.7,1635.68,1233,2218472.78,2016793.44,https://workdrive.zohoexternal.com/external/679c4093bda67f5ea41983cc3ee06a13e03272b7c3e485e1f20086cadf01dda3/download?directDownload=true,zcrm_6686831000000503001,Zoho Admin
zcrm_6686831000013407117,314,STUDIO,Sold,313,97,410,1758,800906,720815,https://workdrive.zohoexternal.com/external/a209e635b66d9c2671b1dcadec633ad3c8caad2b39e6a7ed7b0ada767ce1dde6/download?directDownload=true,zcrm_6686831000000503001,Zoho Admin
zcrm_6686831000013407118,315,1 BR,Available,633.46,193.86,827.31,1333,1213084.65,1102804.23,https://workdrive.zohoexternal.com/external/4e6bd58d14499b96847d927247944a54111542b430d9da1f1b556d088b9c64f4/download?directDownload=true,zcrm_6686831000000503001,Zoho Admin
zcrm_6686831000013407119,316,1 BR,Blocked,626.67,193.1,819.78,1333,1202043.41,1092766.74,https://workdrive.zohoexternal.com/external/0f3266281bc52fb1ca6f7c5c97286f856e3680d69535a86ffcdaa300d2e0dd48/download?directDownload=true,zcrm_6686831000000503001,Zoho Admin
zcrm_6686831000013407120,317,2 BR,Available,1009.33,322.16,1331.5,1483,2172075.95,1974614.5,https://workdrive.zohoexternal.com/external/b88642a2e89e3effd1d24279e70ee57992b8dd56964de2d5a702fc20aef21b9b/download?directDownload=true,zcrm_6686831000000503001,Zoho Admin
zcrm_6686831000013407121,318,2 BR,Sold,887,289,1177,1533,2004380,1803942,https://workdrive.zohoexternal.com/external/00e11841cdd9279325dde66e1683f3d058d89d6f7d6f8b3046f855d6256f1729/download?directDownload=true,zcrm_6686831000000503001,Zoho Admin
zcrm_6686831000013407122,319,1 BR,Available,636.58,196.33,832.91,1558,1427441.16,1297673.78,https://workdrive.zohoexternal.com/external/4e6bd58d14499b96847d927247944a54111542b430d9da1f1b556d088b9c64f4/download?directDownload=true,zcrm_6686831000000503001,Zoho Admin
zcrm_6686831000013407123,401,1 BR,Hold,638.08,196.98,835.06,1566,1438474.36,1307703.96,https://workdrive.zohoexternal.com/external/4e6bd58d14499b96847d927247944a54111542b430d9da1f1b556d088b9c64f4/download?directDownload=true,zcrm_6686831000000503001,Zoho Admin
zcrm_6686831000013407124,402,1 BR,Available,633.35,193.97,827.31,1566,1425124.21,1295567.46,https://workdrive.zohoexternal.com/external/4e6bd58d14499b96847d927247944a54111542b430d9da1f1b556d088b9c64f4/download?directDownload=true,zcrm_6686831000000503001,Zoho Admin
zcrm_6686831000013407125,403,STUDIO,Sold,313,97,410,2016,918467,826620,https://workdrive.zohoexternal.com/external/b08bdd762fc0b702c5440424d1cd22b1ae51b65a39a97c4f201af1f1794ad29b/download?directDownload=true,zcrm_6686831000000503001,Zoho Admin
zcrm_6686831000013407126,404,2 BR,Hold,867.25,687.06,1554.31,1491,2549223.83,2317476.21,https://workdrive.zohoexternal.com/external/b11e12c664fa0a0dd2fde14ca4de97d70ed709e2b5f21598b8e134f6eeecf35f/download?directDownload=true,zcrm_6686831000000503001,Zoho Admin
zcrm_6686831000013407127,405,2 BR,Hold,1011.38,635.72,1647.09,1441,2610802.36,2373456.69,https://workdrive.zohoexternal.com/external/04ca3945e774f01c7b5dc94f15f33620352aa7735846001d7fd870b74dea5a97/download?directDownload=true,zcrm_6686831000000503001,Zoho Admin
zcrm_6686831000013407128,406,1 BR,Available,626.78,193,819.78,1341,1209257.48,1099324.98,https://workdrive.zohoexternal.com/external/02b9cc9c299e82513d66f3dcbf5d7e1882d78711d66977cda3e8af9d5a5c9951/download?directDownload=true,zcrm_6686831000000503001,Zoho Admin
zcrm_6686831000013407129,407,STUDIO,Available,311.72,173.94,485.67,1596,852642.25,775129.32,https://workdrive.zohoexternal.com/external/6f93056aed83cfe12a70c82b4460081399ff8f4219e980382a40a1d86a3a204c/download?directDownload=true,zcrm_6686831000000503001,Zoho Admin
zcrm_6686831000013407130,408,STUDIO,Available,311.62,173.94,485.56,1596,852449.14,774953.76,https://workdrive.zohoexternal.com/external/6f93056aed83cfe12a70c82b4460081399ff8f4219e980382a40a1d86a3a204c/download?directDownload=true,zcrm_6686831000000503001,Zoho Admin
zcrm_6686831000013407131,409,STUDIO,Sold,313,97,410,1766,804550,724095,https://workdrive.zohoexternal.com/external/b08bdd762fc0b702c5440424d1cd22b1ae51b65a39a97c4f201af1f1794ad29b/download?directDownload=true,zcrm_6686831000000503001,Zoho Admin
zcrm_6686831000013407132,410,STUDIO,Blocked,311.62,97.09,408.71,1766,793960.05,721781.86,https://workdrive.zohoexternal.com/external/b08bdd762fc0b702c5440424d1cd22b1ae51b65a39a97c4f201af1f1794ad29b/download?directDownload=true,zcrm_6686831000000503001,Zoho Admin
zcrm_6686831000013407133,411,1 BR,Blocked,634.21,194.07,828.28,1341,1221795.83,1110723.48,https://workdrive.zohoexternal.com/external/4e6bd58d14499b96847d927247944a54111542b430d9da1f1b556d088b9c64f4/download?directDownload=true,zcrm_6686831000000503001,Zoho Admin
zcrm_6686831000013407134,412,1 BR,Hold,650.79,178.68,829.47,1341,1223551.2,1112319.27,https://workdrive.zohoexternal.com/external/44f015e69ab511f208c3845d953ae02fe01ea48ccb05cf4f80e30a6f5cd21cab/download?directDownload=true,zcrm_6686831000000503001,Zoho Admin
zcrm_6686831000013407135,413,1 BR,Sold,639,149,788,1341,1174150,1056735,https://workdrive.zohoexternal.com/external/3dfc2cde57e71ff3e28d0b6526d68f6c29275e65fc425298480aa145201f1b6c/download?directDownload=true,zcrm_6686831000000503001,Zoho Admin
zcrm_6686831000013407136,414,1 BR,Available,631.2,193.97,825.16,1341,1217193.52,1106539.56,https://workdrive.zohoexternal.com/external/0e08cb3d1543503dcaab939480e89f86d7397f59c4dfaf639ca096acd45b7e98/download?directDownload=true,zcrm_6686831000000503001,Zoho Admin
zcrm_6686831000013407137,415,1 BR,Blocked,632.92,194.29,827.21,1341,1220217.47,1109288.61,https://workdrive.zohoexternal.com/external/4e6bd58d14499b96847d927247944a54111542b430d9da1f1b556d088b9c64f4/download?directDownload=true,zcrm_6686831000000503001,Zoho Admin
zcrm_6686831000013407138,416,2 BR,Hold,864.56,703.96,1568.52,1316,2270589.55,2064172.32,https://workdrive.zohoexternal.com/external/e7e4f7728e63e9ed14fa5f0886d557211b90936799c777847c27cd1fc0e089ca/download?directDownload=true,zcrm_6686831000000503001,Zoho Admin
zcrm_6686831000013407139,417,2 BR,Hold,1009.98,623.45,1633.42,1491,2678972.14,2435429.22,https://workdrive.zohoexternal.com/external/04ca3945e774f01c7b5dc94f15f33620352aa7735846001d7fd870b74dea5a97/download?directDownload=true,zcrm_6686831000000503001,Zoho Admin
zcrm_6686831000013407140,418,1 BR,Sold,630,191,821,1566,1428522,1285670,https://workdrive.zohoexternal.com/external/02b9cc9c299e82513d66f3dcbf5d7e1882d78711d66977cda3e8af9d5a5c9951/download?directDownload=true,zcrm_6686831000000503001,Zoho Admin
zcrm_6686831000013407141,419,1 BR,Hold,636.58,196.23,832.8,1566,1434581.28,1304164.8,https://workdrive.zohoexternal.com/external/4e6bd58d14499b96847d927247944a54111542b430d9da1f1b556d088b9c64f4/download?directDownload=true,zcrm_6686831000000503001,Zoho Admin
zcrm_6686831000013407142,501,1 BR,Available,638.08,196.98,835.06,1574,1445822.88,1314384.44,https://workdrive.zohoexternal.com/external/4e6bd58d14499b96847d927247944a54111542b430d9da1f1b556d088b9c64f4/download?directDownload=true,zcrm_6686831000000503001,Zoho Admin
zcrm_6686831000013407143,502,1 BR,Available,633.35,193.97,827.31,1574,1432404.53,1302185.94,https://workdrive.zohoexternal.com/external/4e6bd58d14499b96847d927247944a54111542b430d9da1f1b556d088b9c64f4/download?directDownload=true,zcrm_6686831000000503001,Zoho Admin
zcrm_6686831000013407144,503,STUDIO,Booked - Pending Payment Confirmation,313,97,410,2024,922089,829880,https://workdrive.zohoexternal.com/external/b08bdd762fc0b702c5440424d1cd22b1ae51b65a39a97c4f201af1f1794ad29b/download?directDownload=true,zcrm_6686831000000503001,Zoho Admin
zcrm_6686831000013407145,504,2 BR,Available,867.14,286.21,1153.35,1549,1965193.06,1786539.15,https://workdrive.zohoexternal.com/external/cfb6d55c6910dd119a460406084a88a9b3e0294768a8b4270d7b1ee855c61150/download?directDownload=true,zcrm_6686831000000503001,Zoho Admin
zcrm_6686831000013407146,505,2 BR,Available,1011.59,323.56,1335.16,1499,2201545.32,2001404.84,https://workdrive.zohoexternal.com/external/abf89461183b7fdf94f164ff11cf84819c2d50697a35099257a74f712a6d57df/download?directDownload=true,zcrm_6686831000000503001,Zoho Admin
zcrm_6686831000013407147,506,1 BR,Blocked,627.32,192.57,819.89,1349,1216634.77,1106031.61,https://workdrive.zohoexternal.com/external/02b9cc9c299e82513d66f3dcbf5d7e1882d78711d66977cda3e8af9d5a5c9951/download?directDownload=true,zcrm_6686831000000503001,Zoho Admin
zcrm_6686831000013407148,507,STUDIO,Available,311.72,173.94,485.67,1604,856916.15,779014.68,https://workdrive.zohoexternal.com/external/6f93056aed83cfe12a70c82b4460081399ff8f4219e980382a40a1d86a3a204c/download?directDownload=true,zcrm_6686831000000503001,Zoho Admin
zcrm_6686831000013407149,508,STUDIO,Booked - Pending Payment Confirmation,311.62,173.94,485.56,1604,856722.06,778838.24,https://workdrive.zohoexternal.com/external/6f93056aed83cfe12a70c82b4460081399ff8f4219e980382a40a1d86a3a204c/download?directDownload=true,zcrm_6686831000000503001,Zoho Admin
zcrm_6686831000013407150,509,STUDIO,Sold,313,97,410,1774,808194,727375,https://workdrive.zohoexternal.com/external/b08bdd762fc0b702c5440424d1cd22b1ae51b65a39a97c4f201af1f1794ad29b/download?directDownload=true,zcrm_6686831000000503001,Zoho Admin
zcrm_6686831000013407151,510,STUDIO,Booked - Pending Payment Confirmation,313,97,410,1774,808194,727375,https://workdrive.zohoexternal.com/external/b08bdd762fc0b702c5440424d1cd22b1ae51b65a39a97c4f201af1f1794ad29b/download?directDownload=true,zcrm_6686831000000503001,Zoho Admin
zcrm_6686831000013407152,511,1 BR,Available,634.1,194.07,828.18,1349,1228936.3,1117214.82,https://workdrive.zohoexternal.com/external/4e6bd58d14499b96847d927247944a54111542b430d9da1f1b556d088b9c64f4/download?directDownload=true,zcrm_6686831000000503001,Zoho Admin
zcrm_6686831000013407153,512,2 BR,Available,850.46,416.13,1266.59,1349,1879492.9,1708629.91,https://workdrive.zohoexternal.com/external/71e6409476c945a06972198a88a2a09f3f5d967883249b00dcec6b7e06798935/download?directDownload=true,zcrm_6686831000000503001,Zoho Admin
zcrm_6686831000013407154,513,1 BR,Sold,633,155,788,1349,1181559,1063403,https://workdrive.zohoexternal.com/external/3045aca464a9765060aa8f88eba998866afce38099ecdab8b88ba86ad64a9a95/download?directDownload=true,zcrm_6686831000000503001,Zoho Admin
zcrm_6686831000013407155,514,1 BR,Hold,631.2,193.97,825.16,1349,1224454.92,1113140.84,https://workdrive.zohoexternal.com/external/0e08cb3d1543503dcaab939480e89f86d7397f59c4dfaf639ca096acd45b7e98/download?directDownload=true,zcrm_6686831000000503001,Zoho Admin
zcrm_6686831000013407156,515,1 BR,Available,632.92,194.29,827.21,1349,1227496.92,1115906.29,https://workdrive.zohoexternal.com/external/4e6bd58d14499b96847d927247944a54111542b430d9da1f1b556d088b9c64f4/download?directDownload=true,zcrm_6686831000000503001,Zoho Admin
zcrm_6686831000013407157,516,2 BR,Available,867.57,287.5,1155.08,1349,1714023.21,1558202.92,https://workdrive.zohoexternal.com/external/cfb6d55c6910dd119a460406084a88a9b3e0294768a8b4270d7b1ee855c61150/download?directDownload=true,zcrm_6686831000000503001,Zoho Admin
zcrm_6686831000013407158,517,2 BR,Available,1006.75,323.02,1329.77,1549,2265795.1,2059813.73,https://workdrive.zohoexternal.com/external/abf89461183b7fdf94f164ff11cf84819c2d50697a35099257a74f712a6d57df/download?directDownload=true,zcrm_6686831000000503001,Zoho Admin
zcrm_6686831000013407159,518,1 BR,Sold,630,191,822,1574,1436904,1293214,https://workdrive.zohoexternal.com/external/02b9cc9c299e82513d66f3dcbf5d7e1882d78711d66977cda3e8af9d5a5c9951/download?directDownload=true,zcrm_6686831000000503001,Zoho Admin
zcrm_6686831000013407160,519,1 BR,Blocked,636.58,196.23,832.8,1574,1441909.92,1310827.2,https://workdrive.zohoexternal.com/external/4e6bd58d14499b96847d927247944a54111542b430d9da1f1b556d088b9c64f4/download?directDownload=true,zcrm_6686831000000503001,Zoho Admin
zcrm_6686831000013407161,601,1 BR,Available,638.08,196.87,834.96,1582,1452997.39,1320906.72,https://workdrive.zohoexternal.com/external/4e6bd58d14499b96847d927247944a54111542b430d9da1f1b556d088b9c64f4/download?directDownload=true,zcrm_6686831000000503001,Zoho Admin
zcrm_6686831000013407162,602,1 BR,Available,633.24,194.07,827.31,1582,1439684.86,1308804.42,https://workdrive.zohoexternal.com/external/4e6bd58d14499b96847d927247944a54111542b430d9da1f1b556d088b9c64f4/download?directDownload=true,zcrm_6686831000000503001,Zoho Admin
zcrm_6686831000013407163,603,STUDIO,Sold,313,97,410,2032,925734,833161,https://workdrive.zohoexternal.com/external/b08bdd762fc0b702c5440424d1cd22b1ae51b65a39a97c4f201af1f1794ad29b/download?directDownload=true,zcrm_6686831000000503001,Zoho Admin
zcrm_6686831000013407164,604,1 BR,Sold,636,192,828,1582,1456073,1310466,https://workdrive.zohoexternal.com/external/0f3266281bc52fb1ca6f7c5c97286f856e3680d69535a86ffcdaa300d2e0dd48/download?directDownload=true,zcrm_6686831000000503001,Zoho Admin
zcrm_6686831000013407165,605,2 BR,Hold,1009.44,622.91,1632.35,1507,2705946.6,2459951.45,https://workdrive.zohoexternal.com/external/a001865668f6dc311f6468983f65b634051b9236cbe1a131e96482b4b6ed3a64/download?directDownload=true,zcrm_6686831000000503001,Zoho Admin
zcrm_6686831000013407166,606,2 BR,Hold,868.22,700.19,1568.41,1332,2298034.33,2089122.12,https://workdrive.zohoexternal.com/external/60084b3c632b959428194ef9ceb50329ca016f57d9fa02d85e3cb7209bc266a3/download?directDownload=true,zcrm_6686831000000503001,Zoho Admin
zcrm_6686831000013407167,607,STUDIO,Hold,311.72,173.94,485.67,1612,861190.04,782900.04,https://workdrive.zohoexternal.com/external/6f93056aed83cfe12a70c82b4460081399ff8f4219e980382a40a1d86a3a204c/download?directDownload=true,zcrm_6686831000000503001,Zoho Admin
zcrm_6686831000013407168,608,STUDIO,Booked - Pending Payment Confirmation,311.62,174.05,485.67,1612,861190.04,782900.04,https://workdrive.zohoexternal.com/external/6f93056aed83cfe12a70c82b4460081399ff8f4219e980382a40a1d86a3a204c/download?directDownload=true,zcrm_6686831000000503001,Zoho Admin
zcrm_6686831000013407169,609,STUDIO,Blocked,311.62,97.09,408.71,1782,801153.34,728321.22,https://workdrive.zohoexternal.com/external/b08bdd762fc0b702c5440424d1cd22b1ae51b65a39a97c4f201af1f1794ad29b/download?directDownload=true,zcrm_6686831000000503001,Zoho Admin
zcrm_6686831000013407170,610,STUDIO,Booked - Pending Payment Confirmation,311.62,97.09,408.71,1782,801153.34,728321.22,https://workdrive.zohoexternal.com/external/b08bdd762fc0b702c5440424d1cd22b1ae51b65a39a97c4f201af1f1794ad29b/download?directDownload=true,zcrm_6686831000000503001,Zoho Admin
zcrm_6686831000013407171,611,1 BR,Blocked,634.1,194.07,828.18,1357,1236224.29,1123840.26,https://workdrive.zohoexternal.com/external/4e6bd58d14499b96847d927247944a54111542b430d9da1f1b556d088b9c64f4/download?directDownload=true,zcrm_6686831000000503001,Zoho Admin
zcrm_6686831000013407172,612,2 BR,Hold,849.92,417.21,1267.13,1357,1891444.95,1719495.41,https://workdrive.zohoexternal.com/external/71e6409476c945a06972198a88a2a09f3f5d967883249b00dcec6b7e06798935/download?directDownload=true,zcrm_6686831000000503001,Zoho Admin
zcrm_6686831000013407173,613,1 BR,Sold,633,155,788,1357,1188567,1069710,https://workdrive.zohoexternal.com/external/3045aca464a9765060aa8f88eba998866afce38099ecdab8b88ba86ad64a9a95/download?directDownload=true,zcrm_6686831000000503001,Zoho Admin
zcrm_6686831000013407174,614,1 BR,Hold,630.33,194.83,825.16,1357,1231716.33,1119742.12,https://workdrive.zohoexternal.com/external/0e08cb3d1543503dcaab939480e89f86d7397f59c4dfaf639ca096acd45b7e98/download?directDownload=true,zcrm_6686831000000503001,Zoho Admin
zcrm_6686831000013407175,615,1 BR,Sold,637,194,831,1357,1252858,1127572,https://workdrive.zohoexternal.com/external/4e6bd58d14499b96847d927247944a54111542b430d9da1f1b556d088b9c64f4/download?directDownload=true,zcrm_6686831000000503001,Zoho Admin
zcrm_6686831000013407176,616,1 BR,Blocked,626.57,193.32,819.89,1357,1223849.8,1112590.73,https://workdrive.zohoexternal.com/external/0f3266281bc52fb1ca6f7c5c97286f856e3680d69535a86ffcdaa300d2e0dd48/download?directDownload=true,zcrm_6686831000000503001,Zoho Admin
zcrm_6686831000013407177,617,2 BR,Hold,1010.19,619.57,1629.76,1232,2208650.75,2007864.32,https://workdrive.zohoexternal.com/external/a001865668f6dc311f6468983f65b634051b9236cbe1a131e96482b4b6ed3a64/download?directDownload=true,zcrm_6686831000000503001,Zoho Admin
zcrm_6686831000013407178,618,2 BR,Hold,867.46,703.85,1571.32,1507,2604777.16,2367979.24,https://workdrive.zohoexternal.com/external/60084b3c632b959428194ef9ceb50329ca016f57d9fa02d85e3cb7209bc266a3/download?directDownload=true,zcrm_6686831000000503001,Zoho Admin
zcrm_6686831000013407179,619,1 BR,Sold,646,202,849,1532,1444336,1299902,https://workdrive.zohoexternal.com/external/4e6bd58d14499b96847d927247944a54111542b430d9da1f1b556d088b9c64f4/download?directDownload=true,zcrm_6686831000000503001,Zoho Admin
zcrm_6686831000013407180,701,1 BR,Blocked,638.08,196.66,834.74,1590,1459960.26,1327236.6,https://workdrive.zohoexternal.com/external/4e6bd58d14499b96847d927247944a54111542b430d9da1f1b556d088b9c64f4/download?directDownload=true,zcrm_6686831000000503001,Zoho Admin
zcrm_6686831000013407181,702,1 BR,Blocked,633.35,193.97,827.31,1590,1446965.19,1315422.9,https://workdrive.zohoexternal.com/external/4e6bd58d14499b96847d927247944a54111542b430d9da1f1b556d088b9c64f4/download?directDownload=true,zcrm_6686831000000503001,Zoho Admin
zcrm_6686831000013407182,703,STUDIO,Booked - Pending Payment Confirmation,313,97,410,2040,929379,836441,https://workdrive.zohoexternal.com/external/b08bdd762fc0b702c5440424d1cd22b1ae51b65a39a97c4f201af1f1794ad29b/download?directDownload=true,zcrm_6686831000000503001,Zoho Admin
zcrm_6686831000013407183,704,1 BR,Sold,635,192,827,1590,1460416,1314374,https://workdrive.zohoexternal.com/external/0f3266281bc52fb1ca6f7c5c97286f856e3680d69535a86ffcdaa300d2e0dd48/download?directDownload=true,zcrm_6686831000000503001,Zoho Admin
zcrm_6686831000013407184,705,2 BR,Sold,1040,318,1357,1565,2360350,2124315,https://workdrive.zohoexternal.com/external/b88642a2e89e3effd1d24279e70ee57992b8dd56964de2d5a702fc20aef21b9b/download?directDownload=true,zcrm_6686831000000503001,Zoho Admin
zcrm_6686831000013407185,706,2 BR,Available,868.32,286.86,1155.18,1365,1734502.77,1576820.7,https://workdrive.zohoexternal.com/external/00e11841cdd9279325dde66e1683f3d058d89d6f7d6f8b3046f855d6256f1729/download?directDownload=true,zcrm_6686831000000503001,Zoho Admin
zcrm_6686831000013407186,707,STUDIO,Booked - Pending Payment Confirmation,311.72,173.94,485.67,1620,865463.94,786785.4,https://workdrive.zohoexternal.com/external/6f93056aed83cfe12a70c82b4460081399ff8f4219e980382a40a1d86a3a204c/download?directDownload=true,zcrm_6686831000000503001,Zoho Admin
zcrm_6686831000013407187,708,STUDIO,Booked - Pending Payment Confirmation,311.62,173.94,485.56,1620,865267.92,786607.2,https://workdrive.zohoexternal.com/external/6f93056aed83cfe12a70c82b4460081399ff8f4219e980382a40a1d86a3a204c/download?directDownload=true,zcrm_6686831000000503001,Zoho Admin
zcrm_6686831000013407188,709,STUDIO,Booked - Pending Payment Confirmation,311.62,97.09,408.71,1790,804749.99,731590.9,https://workdrive.zohoexternal.com/external/b08bdd762fc0b702c5440424d1cd22b1ae51b65a39a97c4f201af1f1794ad29b/download?directDownload=true,zcrm_6686831000000503001,Zoho Admin
zcrm_6686831000013407189,710,STUDIO,Sold,313,93,406,1790,807788,727009,https://workdrive.zohoexternal.com/external/b08bdd762fc0b702c5440424d1cd22b1ae51b65a39a97c4f201af1f1794ad29b/download?directDownload=true,zcrm_6686831000000503001,Zoho Admin
zcrm_6686831000013407190,711,1 BR,Available,634.1,194.07,828.18,1365,1243512.27,1130465.7,https://workdrive.zohoexternal.com/external/4e6bd58d14499b96847d927247944a54111542b430d9da1f1b556d088b9c64f4/download?directDownload=true,zcrm_6686831000000503001,Zoho Admin
zcrm_6686831000013407191,712,1 BR,Blocked,622.8,179.22,802.02,1365,1204233.03,1094757.3,https://workdrive.zohoexternal.com/external/44f015e69ab511f208c3845d953ae02fe01ea48ccb05cf4f80e30a6f5cd21cab/download?directDownload=true,zcrm_6686831000000503001,Zoho Admin
zcrm_6686831000013407192,713,2 BR,Available,909.98,725.7,1635.68,1265,2276048.72,2069135.2,https://workdrive.zohoexternal.com/external/679c4093bda67f5ea41983cc3ee06a13e03272b7c3e485e1f20086cadf01dda3/download?directDownload=true,zcrm_6686831000000503001,Zoho Admin
zcrm_6686831000013407193,714,STUDIO,Sold,313,97,410,1790,815484,733936,https://workdrive.zohoexternal.com/external/a209e635b66d9c2671b1dcadec633ad3c8caad2b39e6a7ed7b0ada767ce1dde6/download?directDownload=true,zcrm_6686831000000503001,Zoho Admin
zcrm_6686831000013407194,715,1 BR,Sold,637,194,831,1365,1260243,1134219,https://workdrive.zohoexternal.com/external/4e6bd58d14499b96847d927247944a54111542b430d9da1f1b556d088b9c64f4/download?directDownload=true,zcrm_6686831000000503001,Zoho Admin
zcrm_6686831000013407195,716,1 BR,Booked - Pending Payment Confirmation,631,191,821,1365,1245623,1121061,https://workdrive.zohoexternal.com/external/0f3266281bc52fb1ca6f7c5c97286f856e3680d69535a86ffcdaa300d2e0dd48/download?directDownload=true,zcrm_6686831000000503001,Zoho Admin
zcrm_6686831000013407196,717,2 BR,Available,1009.33,322.16,1331.5,1515,2218944.75,2017222.5,https://workdrive.zohoexternal.com/external/b88642a2e89e3effd1d24279e70ee57992b8dd56964de2d5a702fc20aef21b9b/download?directDownload=true,zcrm_6686831000000503001,Zoho Admin
zcrm_6686831000013407197,718,2 BR,Available,864.45,292.35,1156.8,1565,1991431.2,1810392,https://workdrive.zohoexternal.com/external/00e11841cdd9279325dde66e1683f3d058d89d6f7d6f8b3046f855d6256f1729/download?directDownload=true,zcrm_6686831000000503001,Zoho Admin
zcrm_6686831000013407198,719,1 BR,Sold,643,200,843,1590,1489336,1340402,https://workdrive.zohoexternal.com/external/4e6bd58d14499b96847d927247944a54111542b430d9da1f1b556d088b9c64f4/download?directDownload=true,zcrm_6686831000000503001,Zoho Admin
zcrm_6686831000013407199,801,1 BR,Hold,638.08,196.98,835.06,1598,1467868.47,1334425.88,https://workdrive.zohoexternal.com/external/4e6bd58d14499b96847d927247944a54111542b430d9da1f1b556d088b9c64f4/download?directDownload=true,zcrm_6686831000000503001,Zoho Admin
zcrm_6686831000013407200,802,1 BR,Booked - Pending Payment Confirmation,637,194,831,1598,1475362,1327826,https://workdrive.zohoexternal.com/external/4e6bd58d14499b96847d927247944a54111542b430d9da1f1b556d088b9c64f4/download?directDownload=true,zcrm_6686831000000503001,Zoho Admin
zcrm_6686831000013407201,803,STUDIO,Booked - Pending Payment Confirmation,313,97,410,2048,933046,839741,https://workdrive.zohoexternal.com/external/b08bdd762fc0b702c5440424d1cd22b1ae51b65a39a97c4f201af1f1794ad29b/download?directDownload=true,zcrm_6686831000000503001,Zoho Admin
zcrm_6686831000013407202,804,2 BR,Available,867.25,687.06,1554.31,1523,2603935.54,2367214.13,https://workdrive.zohoexternal.com/external/b11e12c664fa0a0dd2fde14ca4de97d70ed709e2b5f21598b8e134f6eeecf35f/download?directDownload=true,zcrm_6686831000000503001,Zoho Admin
zcrm_6686831000013407203,805,2 BR,Hold,1011.38,635.72,1647.09,1473,2668779.93,2426163.57,https://workdrive.zohoexternal.com/external/04ca3945e774f01c7b5dc94f15f33620352aa7735846001d7fd870b74dea5a97/download?directDownload=true,zcrm_6686831000000503001,Zoho Admin
zcrm_6686831000013407204,806,1 BR,Blocked,626.78,193,819.78,1373,1238113.73,1125557.94,https://workdrive.zohoexternal.com/external/02b9cc9c299e82513d66f3dcbf5d7e1882d78711d66977cda3e8af9d5a5c9951/download?directDownload=true,zcrm_6686831000000503001,Zoho Admin
zcrm_6686831000013407205,807,STUDIO,Booked - Pending Payment Confirmation,311.72,173.94,485.67,1628,869737.84,790670.76,https://workdrive.zohoexternal.com/external/6f93056aed83cfe12a70c82b4460081399ff8f4219e980382a40a1d86a3a204c/download?directDownload=true,zcrm_6686831000000503001,Zoho Admin
zcrm_6686831000013407206,808,STUDIO,Booked - Pending Payment Confirmation,311.62,173.94,485.56,1628,869540.85,790491.68,https://workdrive.zohoexternal.com/external/6f93056aed83cfe12a70c82b4460081399ff8f4219e980382a40a1d86a3a204c/download?directDownload=true,zcrm_6686831000000503001,Zoho Admin
zcrm_6686831000013407207,809,STUDIO,Booked - Pending Payment Confirmation,313,97,408.71,1798,819129,737216,https://workdrive.zohoexternal.com/external/b08bdd762fc0b702c5440424d1cd22b1ae51b65a39a97c4f201af1f1794ad29b/download?directDownload=true,zcrm_6686831000000503001,Zoho Admin
zcrm_6686831000013407208,810,STUDIO,Blocked,311.62,97.09,408.71,1798,808346.64,734860.58,https://workdrive.zohoexternal.com/external/b08bdd762fc0b702c5440424d1cd22b1ae51b65a39a97c4f201af1f1794ad29b/download?directDownload=true,zcrm_6686831000000503001,Zoho Admin
zcrm_6686831000013407209,811,1 BR,Hold,634.21,194.07,828.28,1373,1250951.28,1137228.44,https://workdrive.zohoexternal.com/external/4e6bd58d14499b96847d927247944a54111542b430d9da1f1b556d088b9c64f4/download?directDownload=true,zcrm_6686831000000503001,Zoho Admin
zcrm_6686831000013407210,812,1 BR,Available,650.79,178.68,829.47,1373,1252748.54,1138862.31,https://workdrive.zohoexternal.com/external/44f015e69ab511f208c3845d953ae02fe01ea48ccb05cf4f80e30a6f5cd21cab/download?directDownload=true,zcrm_6686831000000503001,Zoho Admin
zcrm_6686831000013407211,813,1 BR,Available,603.86,141.55,745.4,1373,1125777.62,1023434.2,https://workdrive.zohoexternal.com/external/3dfc2cde57e71ff3e28d0b6526d68f6c29275e65fc425298480aa145201f1b6c/download?directDownload=true,zcrm_6686831000000503001,Zoho Admin
zcrm_6686831000013407212,814,1 BR,Blocked,631.2,193.97,825.16,1373,1246239.15,1132944.68,https://workdrive.zohoexternal.com/external/0e08cb3d1543503dcaab939480e89f86d7397f59c4dfaf639ca096acd45b7e98/download?directDownload=true,zcrm_6686831000000503001,Zoho Admin
zcrm_6686831000013407213,815,1 BR,Sold,637,194,831,1373,1267630,1140867,https://workdrive.zohoexternal.com/external/4e6bd58d14499b96847d927247944a54111542b430d9da1f1b556d088b9c64f4/download?directDownload=true,zcrm_6686831000000503001,Zoho Admin
zcrm_6686831000013407214,816,2 BR,Available,864.56,703.96,1568.52,1348,2325801.46,2114364.96,https://workdrive.zohoexternal.com/external/e7e4f7728e63e9ed14fa5f0886d557211b90936799c777847c27cd1fc0e089ca/download?directDownload=true,zcrm_6686831000000503001,Zoho Admin
zcrm_6686831000013407215,817,2 BR,Available,1009.98,623.45,1633.42,1523,2736468.53,2487698.66,https://workdrive.zohoexternal.com/external/04ca3945e774f01c7b5dc94f15f33620352aa7735846001d7fd870b74dea5a97/download?directDownload=true,zcrm_6686831000000503001,Zoho Admin
zcrm_6686831000013407216,818,1 BR,Sold,630,191,821,1598,1457713,1311942,https://workdrive.zohoexternal.com/external/02b9cc9c299e82513d66f3dcbf5d7e1882d78711d66977cda3e8af9d5a5c9951/download?directDownload=true,zcrm_6686831000000503001,Zoho Admin
zcrm_6686831000013407217,819,1 BR,Available,636.58,196.23,832.8,1598,1463895.84,1330814.4,https://workdrive.zohoexternal.com/external/4e6bd58d14499b96847d927247944a54111542b430d9da1f1b556d088b9c64f4/download?directDownload=true,zcrm_6686831000000503001,Zoho Admin
zcrm_6686831000013407218,901,1 BR,Blocked,638.08,196.98,835.06,1606,1475217,1341106.36,https://workdrive.zohoexternal.com/external/4e6bd58d14499b96847d927247944a54111542b430d9da1f1b556d088b9c64f4/download?directDownload=true,zcrm_6686831000000503001,Zoho Admin
zcrm_6686831000013407219,902,1 BR,Blocked,633.35,193.97,827.31,1606,1461525.85,1328659.86,https://workdrive.zohoexternal.com/external/4e6bd58d14499b96847d927247944a54111542b430d9da1f1b556d088b9c64f4/download?directDownload=true,zcrm_6686831000000503001,Zoho Admin
zcrm_6686831000013407220,903,STUDIO,Sold,313,97,410,2056,936668,843001,https://workdrive.zohoexternal.com/external/b08bdd762fc0b702c5440424d1cd22b1ae51b65a39a97c4f201af1f1794ad29b/download?directDownload=true,zcrm_6686831000000503001,Zoho Admin
zcrm_6686831000013407221,904,2 BR,Available,867.14,286.21,1153.35,1581,2005790.99,1823446.35,https://workdrive.zohoexternal.com/external/cfb6d55c6910dd119a460406084a88a9b3e0294768a8b4270d7b1ee855c61150/download?directDownload=true,zcrm_6686831000000503001,Zoho Admin
zcrm_6686831000013407222,905,2 BR,Available,1011.59,323.56,1335.16,1531,2248542.96,2044129.96,https://workdrive.zohoexternal.com/external/abf89461183b7fdf94f164ff11cf84819c2d50697a35099257a74f712a6d57df/download?directDownload=true,zcrm_6686831000000503001,Zoho Admin
zcrm_6686831000013407223,906,1 BR,Available,627.32,192.57,819.89,1381,1245494.9,1132268.09,https://workdrive.zohoexternal.com/external/02b9cc9c299e82513d66f3dcbf5d7e1882d78711d66977cda3e8af9d5a5c9951/download?directDownload=true,zcrm_6686831000000503001,Zoho Admin
zcrm_6686831000013407224,907,STUDIO,Available,311.72,173.94,485.67,1636,874011.73,794556.12,https://workdrive.zohoexternal.com/external/2231d07b07e3642edc41cbd3a7630121390d09b399e422abe9d89f2e7add6c60/download?directDownload=true,zcrm_6686831000000503001,Zoho Admin
zcrm_6686831000013407225,908,STUDIO,Booked - Pending Payment Confirmation,311.62,173.94,485.56,1636,873813.78,794376.16,https://workdrive.zohoexternal.com/external/2231d07b07e3642edc41cbd3a7630121390d09b399e422abe9d89f2e7add6c60/download?directDownload=true,zcrm_6686831000000503001,Zoho Admin
zcrm_6686831000013407226,909,STUDIO,Booked - Pending Payment Confirmation,313,97,410,1806,822773,740496,https://workdrive.zohoexternal.com/external/b08bdd762fc0b702c5440424d1cd22b1ae51b65a39a97c4f201af1f1794ad29b/download?directDownload=true,zcrm_6686831000000503001,Zoho Admin
zcrm_6686831000013407227,910.,STUDIO,Booked - Pending Payment Confirmation,311.62,97.09,408.71,1806,811943.29,738130.26,https://workdrive.zohoexternal.com/external/b08bdd762fc0b702c5440424d1cd22b1ae51b65a39a97c4f201af1f1794ad29b/download?directDownload=true,zcrm_6686831000000503001,Zoho Admin
zcrm_6686831000013407228,911,1 BR,Available,634.1,194.07,828.18,1381,1258088.24,1143716.58,https://workdrive.zohoexternal.com/external/4e6bd58d14499b96847d927247944a54111542b430d9da1f1b556d088b9c64f4/download?directDownload=true,zcrm_6686831000000503001,Zoho Admin
zcrm_6686831000013407229,912,2 BR,Available,850.46,416.13,1266.59,1381,1924076.87,1749160.79,https://workdrive.zohoexternal.com/external/71e6409476c945a06972198a88a2a09f3f5d967883249b00dcec6b7e06798935/download?directDownload=true,zcrm_6686831000000503001,Zoho Admin
zcrm_6686831000013407230,913,1 BR,Sold,633,155,788,1381,1209587,1088628,https://workdrive.zohoexternal.com/external/3045aca464a9765060aa8f88eba998866afce38099ecdab8b88ba86ad64a9a95/download?directDownload=true,zcrm_6686831000000503001,Zoho Admin
zcrm_6686831000013407231,914,1 BR,Blocked,631.2,193.97,825.16,1381,1253500.56,1139545.96,https://workdrive.zohoexternal.com/external/0e08cb3d1543503dcaab939480e89f86d7397f59c4dfaf639ca096acd45b7e98/download?directDownload=true,zcrm_6686831000000503001,Zoho Admin
zcrm_6686831000013407232,915,1 BR,Blocked,632.92,194.29,827.21,1381,1256614.71,1142377.01,https://workdrive.zohoexternal.com/external/4e6bd58d14499b96847d927247944a54111542b430d9da1f1b556d088b9c64f4/download?directDownload=true,zcrm_6686831000000503001,Zoho Admin
zcrm_6686831000013407233,916,2 BR,Sold,886,289,1175,1381,1803340,1623006,https://workdrive.zohoexternal.com/external/cfb6d55c6910dd119a460406084a88a9b3e0294768a8b4270d7b1ee855c61150/download?directDownload=true,zcrm_6686831000000503001,Zoho Admin
zcrm_6686831000013407234,917,2 BR,Available,1006.75,323.02,1329.77,1581,2312603.01,2102366.37,https://workdrive.zohoexternal.com/external/abf89461183b7fdf94f164ff11cf84819c2d50697a35099257a74f712a6d57df/download?directDownload=true,zcrm_6686831000000503001,Zoho Admin
zcrm_6686831000013407235,918,1 BR,Sold,630,191,822,1606,1466118,1319506,https://workdrive.zohoexternal.com/external/02b9cc9c299e82513d66f3dcbf5d7e1882d78711d66977cda3e8af9d5a5c9951/download?directDownload=true,zcrm_6686831000000503001,Zoho Admin
zcrm_6686831000013407236,919,1 BR,Available,636.58,196.23,832.8,1606,1471224.48,1337476.8,https://workdrive.zohoexternal.com/external/4e6bd58d14499b96847d927247944a54111542b430d9da1f1b556d088b9c64f4/download?directDownload=true,zcrm_6686831000000503001,Zoho Admin
zcrm_6686831000013407237,1001,1 BR,Blocked,638.08,196.87,834.95,1614,1482370.23,1347609.3,https://workdrive.zohoexternal.com/external/4e6bd58d14499b96847d927247944a54111542b430d9da1f1b556d088b9c64f4/download?directDownload=true,zcrm_6686831000000503001,Zoho Admin
zcrm_6686831000013407238,1002,1 BR,Blocked,633.24,194.07,827.31,1614,1468806.17,1335278.34,https://workdrive.zohoexternal.com/external/4e6bd58d14499b96847d927247944a54111542b430d9da1f1b556d088b9c64f4/download?directDownload=true,zcrm_6686831000000503001,Zoho Admin
zcrm_6686831000013407239,1003,STUDIO,Booked - Pending Payment Confirmation,313,97,410,2064,940312,846281,https://workdrive.zohoexternal.com/external/b08bdd762fc0b702c5440424d1cd22b1ae51b65a39a97c4f201af1f1794ad29b/download?directDownload=true,zcrm_6686831000000503001,Zoho Admin
zcrm_6686831000013407240,1004,1 BR,Sold,636,192,828,1614,1485526,1336973,https://workdrive.zohoexternal.com/external/0f3266281bc52fb1ca6f7c5c97286f856e3680d69535a86ffcdaa300d2e0dd48/download?directDownload=true,zcrm_6686831000000503001,Zoho Admin
zcrm_6686831000013407241,1005,2 BR,Available,1009.44,622.91,1632.35,1539,2763405.31,2512186.65,https://workdrive.zohoexternal.com/external/a001865668f6dc311f6468983f65b634051b9236cbe1a131e96482b4b6ed3a64/download?directDownload=true,zcrm_6686831000000503001,Zoho Admin
zcrm_6686831000013407242,1006,2 BR,Available,868.22,700.19,1568.41,1364,2353242.36,2139311.24,https://workdrive.zohoexternal.com/external/60084b3c632b959428194ef9ceb50329ca016f57d9fa02d85e3cb7209bc266a3/download?directDownload=true,zcrm_6686831000000503001,Zoho Admin
zcrm_6686831000013407243,1007,STUDIO,Available,311.72,173.94,485.66,1644,878267.54,798425.04,https://workdrive.zohoexternal.com/external/6f93056aed83cfe12a70c82b4460081399ff8f4219e980382a40a1d86a3a204c/download?directDownload=true,zcrm_6686831000000503001,Zoho Admin
zcrm_6686831000013407244,1008,STUDIO,Available,311.62,174.05,485.66,1644,878267.54,798425.04,https://workdrive.zohoexternal.com/external/6f93056aed83cfe12a70c82b4460081399ff8f4219e980382a40a1d86a3a204c/download?directDownload=true,zcrm_6686831000000503001,Zoho Admin
zcrm_6686831000013407245,1009,STUDIO,Blocked,311.62,97.09,408.7,1814,815519.98,741381.8,https://workdrive.zohoexternal.com/external/b08bdd762fc0b702c5440424d1cd22b1ae51b65a39a97c4f201af1f1794ad29b/download?directDownload=true,zcrm_6686831000000503001,Zoho Admin
zcrm_6686831000013407246,1010,STUDIO,Blocked,311.62,97.09,408.7,1814,815519.98,741381.8,https://workdrive.zohoexternal.com/external/475786d6f962ea6a681e21dbe7551a00a6367b0c5c0b5cc1e1ebf10e0070bee0/download?directDownload=true,zcrm_6686831000000503001,Zoho Admin
zcrm_6686831000013407247,1011,1 BR,Sold,637,193,830,1389,1281152,1153037,https://workdrive.zohoexternal.com/external/4e6bd58d14499b96847d927247944a54111542b430d9da1f1b556d088b9c64f4/download?directDownload=true,zcrm_6686831000000503001,Zoho Admin
zcrm_6686831000013407248,1012,2 BR,Available,849.92,417.21,1267.12,1389,1936032.65,1760029.68,https://workdrive.zohoexternal.com/external/71e6409476c945a06972198a88a2a09f3f5d967883249b00dcec6b7e06798935/download?directDownload=true,zcrm_6686831000000503001,Zoho Admin
zcrm_6686831000013407249,1013,1 BR,Booked - Pending Payment Confirmation,633,155,788,1389,1216594,1094935,https://workdrive.zohoexternal.com/external/3045aca464a9765060aa8f88eba998866afce38099ecdab8b88ba86ad64a9a95/download?directDownload=true,zcrm_6686831000000503001,Zoho Admin
zcrm_6686831000013407250,1014,1 BR,Sold,637,193,830,1389,1281569,1153412,https://workdrive.zohoexternal.com/external/0e08cb3d1543503dcaab939480e89f86d7397f59c4dfaf639ca096acd45b7e98/download?directDownload=true,zcrm_6686831000000503001,Zoho Admin
zcrm_6686831000013407251,1015,1 BR,Sold,637,194,831,1389,1282402,1154162,https://workdrive.zohoexternal.com/external/4e6bd58d14499b96847d927247944a54111542b430d9da1f1b556d088b9c64f4/download?directDownload=true,zcrm_6686831000000503001,Zoho Admin
zcrm_6686831000013407252,1016,1 BR,Booked - Pending Payment Confirmation,631,191,822,1389,1267863,1141077,https://workdrive.zohoexternal.com/external/0f3266281bc52fb1ca6f7c5c97286f856e3680d69535a86ffcdaa300d2e0dd48/download?directDownload=true,zcrm_6686831000000503001,Zoho Admin
zcrm_6686831000013407253,1017,2 BR,Available,1010.19,619.57,1629.76,1264,2266018.3,2060016.64,https://workdrive.zohoexternal.com/external/9cab7bfc967d7b6ec479459f8e83a5627dcefa28073466d0949a1d90d6241177/download?directDownload=true,zcrm_6686831000000503001,Zoho Admin
zcrm_6686831000013407254,1018,2 BR,Available,867.46,703.85,1571.31,1539,2660070.7,2418246.09,https://workdrive.zohoexternal.com/external/60084b3c632b959428194ef9ceb50329ca016f57d9fa02d85e3cb7209bc266a3/download?directDownload=true,zcrm_6686831000000503001,Zoho Admin
zcrm_6686831000013407255,1019,1 BR,Available,636.36,196.76,833.12,1564,1433299.65,1302999.68,https://workdrive.zohoexternal.com/external/4e6bd58d14499b96847d927247944a54111542b430d9da1f1b556d088b9c64f4/download?directDownload=true,zcrm_6686831000000503001,Zoho Admin
zcrm_6686831000013407256,1101,1 BR,Available,638.08,196.66,834.74,1622,1489343.11,1353948.28,https://workdrive.zohoexternal.com/external/4e6bd58d14499b96847d927247944a54111542b430d9da1f1b556d088b9c64f4/download?directDownload=true,zcrm_6686831000000503001,Zoho Admin
zcrm_6686831000013407257,1102,1 BR,Blocked,633.35,193.97,827.31,1622,1476086.5,1341896.82,https://workdrive.zohoexternal.com/external/4e6bd58d14499b96847d927247944a54111542b430d9da1f1b556d088b9c64f4/download?directDownload=true,zcrm_6686831000000503001,Zoho Admin
zcrm_6686831000013407258,1103,STUDIO,Booked - Pending Payment Confirmation,313,97,410,2072,943957,849561,https://workdrive.zohoexternal.com/external/b08bdd762fc0b702c5440424d1cd22b1ae51b65a39a97c4f201af1f1794ad29b/download?directDownload=true,zcrm_6686831000000503001,Zoho Admin
zcrm_6686831000013407259,1104,1 BR,Sold,635,192,827,1622,1489807,1340826,https://workdrive.zohoexternal.com/external/0f3266281bc52fb1ca6f7c5c97286f856e3680d69535a86ffcdaa300d2e0dd48/download?directDownload=true,zcrm_6686831000000503001,Zoho Admin
zcrm_6686831000013407260,1105,2 BR,Sold,1040,318,1357,1597,2408613,2167752,https://workdrive.zohoexternal.com/external/b88642a2e89e3effd1d24279e70ee57992b8dd56964de2d5a702fc20aef21b9b/download?directDownload=true,zcrm_6686831000000503001,Zoho Admin
zcrm_6686831000013407261,1106,2 BR,Available,868.32,286.86,1155.18,1397,1775165.11,1613786.46,https://workdrive.zohoexternal.com/external/00e11841cdd9279325dde66e1683f3d058d89d6f7d6f8b3046f855d6256f1729/download?directDownload=true,zcrm_6686831000000503001,Zoho Admin
zcrm_6686831000013407262,1107,STUDIO,Booked - Pending Payment Confirmation,311.72,173.94,485.66,1652,882555.1,802322.9,https://workdrive.zohoexternal.com/external/6f93056aed83cfe12a70c82b4460081399ff8f4219e980382a40a1d86a3a204c/download?directDownload=true,zcrm_6686831000000503001,Zoho Admin
zcrm_6686831000013407263,1108,STUDIO,Booked - Pending Payment Confirmation,311.62,173.94,485.55,1652,882341.46,802128.6,https://workdrive.zohoexternal.com/external/6f93056aed83cfe12a70c82b4460081399ff8f4219e980382a40a1d86a3a204c/download?directDownload=true,zcrm_6686831000000503001,Zoho Admin
zcrm_6686831000013407264,1109,STUDIO,Booked - Pending Payment Confirmation,311.62,97.09,408.7,1822,819116.54,744651.4,https://workdrive.zohoexternal.com/external/b08bdd762fc0b702c5440424d1cd22b1ae51b65a39a97c4f201af1f1794ad29b/download?directDownload=true,zcrm_6686831000000503001,Zoho Admin
zcrm_6686831000013407265,1110,STUDIO,Booked - Pending Payment Confirmation,311.62,97.09,408.71,1822,819537.422,745034,https://workdrive.zohoexternal.com/external/b08bdd762fc0b702c5440424d1cd22b1ae51b65a39a97c4f201af1f1794ad29b/download?directDownload=true,zcrm_6686831000000503001,Zoho Admin
zcrm_6686831000013407266,1111,1 BR,Available,634.1,194.07,828.17,1397,1272648.84,1156953.49,https://workdrive.zohoexternal.com/external/4e6bd58d14499b96847d927247944a54111542b430d9da1f1b556d088b9c64f4/download?directDownload=true,zcrm_6686831000000503001,Zoho Admin
zcrm_6686831000013407267,1112,1 BR,Blocked,622.8,179.22,802.02,1397,1232464.13,1120421.94,https://workdrive.zohoexternal.com/external/44f015e69ab511f208c3845d953ae02fe01ea48ccb05cf4f80e30a6f5cd21cab/download?directDownload=true,zcrm_6686831000000503001,Zoho Admin
zcrm_6686831000013407268,1113,2 BR,Available,909.98,725.7,1635.68,1297,2333624.66,2121476.96,https://workdrive.zohoexternal.com/external/679c4093bda67f5ea41983cc3ee06a13e03272b7c3e485e1f20086cadf01dda3/download?directDownload=true,zcrm_6686831000000503001,Zoho Admin
zcrm_6686831000013407269,1114,STUDIO,Sold,313,97,410,1822,821722,747020,https://workdrive.zohoexternal.com/external/a209e635b66d9c2671b1dcadec633ad3c8caad2b39e6a7ed7b0ada767ce1dde6/download?directDownload=true,zcrm_6686831000000503001,Zoho Admin
zcrm_6686831000013407270,1115,1 BR,Blocked,633.46,193.86,827.31,1397,1271327.28,1155752.07,https://workdrive.zohoexternal.com/external/4e6bd58d14499b96847d927247944a54111542b430d9da1f1b556d088b9c64f4/download?directDownload=true,zcrm_6686831000000503001,Zoho Admin
zcrm_6686831000013407271,1116,1 BR,Sold,631,191,821,1397,1274824,1147342,https://workdrive.zohoexternal.com/external/0f3266281bc52fb1ca6f7c5c97286f856e3680d69535a86ffcdaa300d2e0dd48/download?directDownload=true,zcrm_6686831000000503001,Zoho Admin
zcrm_6686831000013407272,1117,2 BR,Available,1009.33,322.16,1331.5,1547,2265813.55,2059830.5,https://workdrive.zohoexternal.com/external/b88642a2e89e3effd1d24279e70ee57992b8dd56964de2d5a702fc20aef21b9b/download?directDownload=true,zcrm_6686831000000503001,Zoho Admin
zcrm_6686831000013407273,1118,2 BR,Available,864.45,292.35,1156.79,1597,2032132.99,1847393.63,https://workdrive.zohoexternal.com/external/00e11841cdd9279325dde66e1683f3d058d89d6f7d6f8b3046f855d6256f1729/download?directDownload=true,zcrm_6686831000000503001,Zoho Admin
zcrm_6686831000013407274,1119,1 BR,Available,636.58,196.33,832.91,1622,1486078.02,1350980.02,https://workdrive.zohoexternal.com/external/4e6bd58d14499b96847d927247944a54111542b430d9da1f1b556d088b9c64f4/download?directDownload=true,zcrm_6686831000000503001,Zoho Admin
zcrm_6686831000013407275,1201,1 BR,Available,638.3,196.98,835.06,1630,1497262.58,1361147.8,https://workdrive.zohoexternal.com/external/4e6bd58d14499b96847d927247944a54111542b430d9da1f1b556d088b9c64f4/download?directDownload=true,zcrm_6686831000000503001,Zoho Admin
zcrm_6686831000013407276,1202,1 BR,Available,633.35,193.97,827.31,1630,1483366.83,1348515.3,https://workdrive.zohoexternal.com/external/4e6bd58d14499b96847d927247944a54111542b430d9da1f1b556d088b9c64f4/download?directDownload=true,zcrm_6686831000000503001,Zoho Admin
zcrm_6686831000013407277,1203,STUDIO,Booked - Pending Payment Confirmation,313,97,410,2080,947624,852862,https://workdrive.zohoexternal.com/external/b08bdd762fc0b702c5440424d1cd22b1ae51b65a39a97c4f201af1f1794ad29b/download?directDownload=true,zcrm_6686831000000503001,Zoho Admin
zcrm_6686831000013407278,1204,2 BR,Available,867.25,687.06,1554.3,1555,2658630.15,2416936.5,https://workdrive.zohoexternal.com/external/b11e12c664fa0a0dd2fde14ca4de97d70ed709e2b5f21598b8e134f6eeecf35f/download?directDownload=true,zcrm_6686831000000503001,Zoho Admin
zcrm_6686831000013407279,1205,2 BR,Available,1011.38,635.72,1647.09,1505,2726757.5,2478870.45,https://workdrive.zohoexternal.com/external/04ca3945e774f01c7b5dc94f15f33620352aa7735846001d7fd870b74dea5a97/download?directDownload=true,zcrm_6686831000000503001,Zoho Admin
zcrm_6686831000013407280,1206,1 BR,Available,626.78,193,819.78,1405,1266969.99,1151790.9,https://workdrive.zohoexternal.com/external/02b9cc9c299e82513d66f3dcbf5d7e1882d78711d66977cda3e8af9d5a5c9951/download?directDownload=true,zcrm_6686831000000503001,Zoho Admin
zcrm_6686831000013407281,1207,STUDIO,Blocked,311.72,173.94,485.67,1660,886833.42,806212.2,https://workdrive.zohoexternal.com/external/6f93056aed83cfe12a70c82b4460081399ff8f4219e980382a40a1d86a3a204c/download?directDownload=true,zcrm_6686831000000503001,Zoho Admin
zcrm_6686831000013407282,1208,STUDIO,Available,311.62,173.94,485.56,1660,886632.56,806029.6,https://workdrive.zohoexternal.com/external/6f93056aed83cfe12a70c82b4460081399ff8f4219e980382a40a1d86a3a204c/download?directDownload=true,zcrm_6686831000000503001,Zoho Admin
zcrm_6686831000013407283,1209,STUDIO,Booked - Pending Payment Confirmation,313,97,410,1830,833708,750337,https://workdrive.zohoexternal.com/external/b08bdd762fc0b702c5440424d1cd22b1ae51b65a39a97c4f201af1f1794ad29b/download?directDownload=true,zcrm_6686831000000503001,Zoho Admin
zcrm_6686831000013407284,1210,STUDIO,Blocked,311.62,97.09,408.7,1830,822713.1,747921,https://workdrive.zohoexternal.com/external/b08bdd762fc0b702c5440424d1cd22b1ae51b65a39a97c4f201af1f1794ad29b/download?directDownload=true,zcrm_6686831000000503001,Zoho Admin
zcrm_6686831000013407285,1211,1 BR,Available,634.21,194.07,828.28,1405,1280106.74,1163733.4,https://workdrive.zohoexternal.com/external/4e6bd58d14499b96847d927247944a54111542b430d9da1f1b556d088b9c64f4/download?directDownload=true,zcrm_6686831000000503001,Zoho Admin
zcrm_6686831000013407286,1212,1 BR,Available,650.79,178.68,829.46,1405,1281930.43,1165391.3,https://workdrive.zohoexternal.com/external/44f015e69ab511f208c3845d953ae02fe01ea48ccb05cf4f80e30a6f5cd21cab/download?directDownload=true,zcrm_6686831000000503001,Zoho Admin
zcrm_6686831000013407287,1213,1 BR,Available,603.86,141.55,745.4,1405,1152015.7,1047287,https://workdrive.zohoexternal.com/external/3dfc2cde57e71ff3e28d0b6526d68f6c29275e65fc425298480aa145201f1b6c/download?directDownload=true,zcrm_6686831000000503001,Zoho Admin
zcrm_6686831000013407288,1214,1 BR,Blocked,631.2,193.97,825.16,1405,1275284.78,1159349.8,https://workdrive.zohoexternal.com/external/0e08cb3d1543503dcaab939480e89f86d7397f59c4dfaf639ca096acd45b7e98/download?directDownload=true,zcrm_6686831000000503001,Zoho Admin
zcrm_6686831000013407289,1215,1 BR,Blocked,632.92,194.29,827.2,1405,1278437.6,1162216,https://workdrive.zohoexternal.com/external/4e6bd58d14499b96847d927247944a54111542b430d9da1f1b556d088b9c64f4/download?directDownload=true,zcrm_6686831000000503001,Zoho Admin
zcrm_6686831000013407290,1216,2 BR,Available,864.56,703.96,1568.52,1380,2381013.36,2164557.6,https://workdrive.zohoexternal.com/external/e7e4f7728e63e9ed14fa5f0886d557211b90936799c777847c27cd1fc0e089ca/download?directDownload=true,zcrm_6686831000000503001,Zoho Admin
zcrm_6686831000013407291,1217,2 BR,Available,1009.98,623.45,1633.42,1555,2793964.91,2539968.1,https://workdrive.zohoexternal.com/external/a001865668f6dc311f6468983f65b634051b9236cbe1a131e96482b4b6ed3a64/download?directDownload=true,zcrm_6686831000000503001,Zoho Admin
zcrm_6686831000013407292,1218,1 BR,Sold,630,191,821,1630,1486904,1338214,https://workdrive.zohoexternal.com/external/02b9cc9c299e82513d66f3dcbf5d7e1882d78711d66977cda3e8af9d5a5c9951/download?directDownload=true,zcrm_6686831000000503001,Zoho Admin
zcrm_6686831000013407293,1219,1 BR,Available,636.58,196.23,832.8,1630,1493210.4,1357464,https://workdrive.zohoexternal.com/external/4e6bd58d14499b96847d927247944a54111542b430d9da1f1b556d088b9c64f4/download?directDownload=true,zcrm_6686831000000503001,Zoho Admin
zcrm_6686831000013407294,1301,3 BR DU PH,Available,2407.67,1550.86,3958.54,1663,7241357.22,6583052.02,https://workdrive.zohoexternal.com/external/6a742cf5f5b17c111e87c67ca5eb442860d3d9e45ed682f4d3914fc48a9252a5/download?directDownload=true,zcrm_6686831000000503001,Zoho Admin
zcrm_6686831000013407295,1302,3 BR DU PH,Available,2350.41,1569.81,3920.22,1663,7171258.45,6519325.86,https://workdrive.zohoexternal.com/external/fd3dff9873b5b0a6c343778691f011b1c64cf103b9622cc36eb6f9cfa3eea12f/download?directDownload=true,zcrm_6686831000000503001,Zoho Admin
zcrm_6686831000013407296,1303,3 BR DU PH,Blocked,2177.32,1993.05,4170.37,1663,7628857.84,6935325.31,https://workdrive.zohoexternal.com/external/59d1e731ceed55bb0226aca97a17cfa1fdfe4747020fa0d801270d65f0df7a40/download?directDownload=true,zcrm_6686831000000503001,Zoho Admin
zcrm_6686831000013407297,1304,2 BR,Available,869.83,343.69,1213.52,1563,2086404.94,1896731.76,https://workdrive.zohoexternal.com/external/1eeaa4f0aa9f4c29d4e600c8444a93cf225418f0e526803c142025e9903ffead/download?directDownload=true,zcrm_6686831000000503001,Zoho Admin
zcrm_6686831000013407298,1305,2 BR,Blocked,945.5,289.87,1235.37,1413,1920135.59,1745577.81,https://workdrive.zohoexternal.com/external/eb371cc4240f5f1a2b8a49b9a127a4cdf0aad974e9a07aafab3c74fb5d0a1cc6/download?directDownload=true,zcrm_6686831000000503001,Zoho Admin
zcrm_6686831000013407299,1306,2 BR,Blocked,948.19,291.38,1239.57,1410,1922573.07,1747793.7,https://workdrive.zohoexternal.com/external/eb371cc4240f5f1a2b8a49b9a127a4cdf0aad974e9a07aafab3c74fb5d0a1cc6/download?directDownload=true,zcrm_6686831000000503001,Zoho Admin
zcrm_6686831000013407300,1307,2 BR,Available,832.37,416.78,1249.15,1413,1941553.85,1765048.95,https://workdrive.zohoexternal.com/external/71e6409476c945a06972198a88a2a09f3f5d967883249b00dcec6b7e06798935/download?directDownload=true,zcrm_6686831000000503001,Zoho Admin
zcrm_6686831000013407301,1308,2 BR,Blocked,907.07,284.49,4778.53,1413,7427269.17,6752062.89,https://workdrive.zohoexternal.com/external/eb371cc4240f5f1a2b8a49b9a127a4cdf0aad974e9a07aafab3c74fb5d0a1cc6/download?directDownload=true,zcrm_6686831000000503001,Zoho Admin
zcrm_6686831000013407302,1309,2 BR,Available,949.16,290.95,4767.7,1413,7410106.11,6736760.1,https://workdrive.zohoexternal.com/external/eb371cc4240f5f1a2b8a49b9a127a4cdf0aad974e9a07aafab3c74fb5d0a1cc6/download?directDownload=true,zcrm_6686831000000503001,Zoho Admin
zcrm_6686831000013407303,1310,2 BR,Sold,969,289,1258,1413,1975170,1777653,https://workdrive.zohoexternal.com/external/eb371cc4240f5f1a2b8a49b9a127a4cdf0aad974e9a07aafab3c74fb5d0a1cc6/download?directDownload=true,zcrm_6686831000000503001,Zoho Admin
zcrm_6686831000013407304,1311,3 BR DU PH,Blocked,2407.67,2349.33,4757,1663,8701980.1,7910891,https://workdrive.zohoexternal.com/external/c102dd1f0313dd420607759df20a077f73b661315eb58aa0b89cf92091404eb8/download?directDownload=true,zcrm_6686831000000503001,Zoho Admin
zcrm_6686831000013407305,1312,3 BR DU PH,Available,2407.24,1580.14,3987.38,1663,7294114.23,6631012.94,https://workdrive.zohoexternal.com/external/6a742cf5f5b17c111e87c67ca5eb442860d3d9e45ed682f4d3914fc48a9252a5/download?directDownload=true,zcrm_6686831000000503001,Zoho Admin
zcrm_6686831000017027001,Shop 1,,Booked - Pending Payment Confirmation,3391.92,,3391.92,3333,11306400,10175760,https://workdrive.zohoexternal.com/external/cb6456af6dc5e14a8ed8daf039ed83ee55010d6d179f91fd515adb40ee16be10/download?directDownload=true,zcrm_6686831000000503001,Zoho Admin
zcrm_6686831000017027098,Shop 2,,Booked - Pending Payment Confirmation,3664.99,,3664.99,3333,12216633,10994970,https://workdrive.zohoexternal.com/external/dd8c49ca59aead2947664d708e4f1c6b48179cefd5dab091b8c884bcbdeaaa97/download?directDownload=true,zcrm_6686831000000503001,Zoho Admin
zcrm_6686831000017027135,Shop 3,,Blocked,1476.27,0,1476.27,3333,5412448.7,4920407.91,https://workdrive.zohoexternal.com/external/0dd728554149a1bacabcf4003e15f9ff31a25798e50c8323327ffb08a3898b20/download?directDownload=true,zcrm_6686831000000503001,Zoho Admin
zcrm_6686831000017027198,Shop 4,,Blocked,1890.14,0,1890.14,3333,6929820.28,6299836.62,https://workdrive.zohoexternal.com/external/017f10726d30e171bf380b970feca3c1c87abc06315dd9fc34914f42cd9d78cd/download?directDownload=true,zcrm_6686831000000503001,Zoho Admin
zcrm_6686831000040001151,test,2 BR,Booked - Pending Payment Confirmation,1009.44,622.91,1632.35,1539,2763405.31,2512186.65,https://workdrive.zohoexternal.com/external/a001865668f6dc311f6468983f65b634051b9236cbe1a131e96482b4b6ed3a64/download?directDownload=true,zcrm_6686831000000503001,Zoho Admin
